status	source_video	result_video	artifacts_dir	data_dir	track_id	frame_count	kept	avg_bbox_area	avg_confidence	first_frame_idx	last_frame_idx	quality_pass	quality_note	error
skipped	IMG_9879.MOV	outputs/IMG_9879_result.mp4	artifacts/IMG_9879	data/IMG_9879	0001	149	1	732038.63	0.9224	1	149	1	ok	
skipped	IMG_9879.MOV	outputs/IMG_9879_result.mp4	artifacts/IMG_9879	data/IMG_9879	0002	61	1	107523.42	0.6875	10	74	1	ok	
success	IMG_9880.MOV	outputs/IMG_9880_result.mp4	artifacts/IMG_9880	data/IMG_9880	0001	141	1	156870.52	0.8957	1	141	1	ok	
success	IMG_9880.MOV	outputs/IMG_9880_result.mp4	artifacts/IMG_9880	data/IMG_9880	0002	139	1	104171.17	0.6460	1	141	1	ok	
success	IMG_9880.MOV	outputs/IMG_9880_result.mp4	artifacts/IMG_9880	data/IMG_9880	0003	141	1	56833.99	0.8500	1	141	1	ok	
success	IMG_9880.MOV	outputs/IMG_9880_result.mp4	artifacts/IMG_9880	data/IMG_9880	0004	2	0	8048.62	0.3805	30	31	0	too_short	
success	IMG_9880.MOV	outputs/IMG_9880_result.mp4	artifacts/IMG_9880	data/IMG_9880	0005	2	0	5818.10	0.3807	126	127	0	too_short	
skipped	IMG_9881.MOV	outputs/IMG_9881_result.mp4	artifacts/IMG_9881	data/IMG_9881	0001	149	1	116337.80	0.8780	1	149	1	ok	
skipped	IMG_9881.MOV	outputs/IMG_9881_result.mp4	artifacts/IMG_9881	data/IMG_9881	0002	164	1	127013.46	0.8720	1	164	1	ok	
skipped	IMG_9881.MOV	outputs/IMG_9881_result.mp4	artifacts/IMG_9881	data/IMG_9881	0003	172	1	46712.90	0.7262	1	172	1	ok	
skipped	IMG_9881.MOV	outputs/IMG_9881_result.mp4	artifacts/IMG_9881	data/IMG_9881	0004	180	1	22420.28	0.6928	1	180	1	ok	
skipped	IMG_9881.MOV	outputs/IMG_9881_result.mp4	artifacts/IMG_9881	data/IMG_9881	0005	1	0	7318.47	0.3988	137	137	0	too_short	
skipped	IMG_9881.MOV	outputs/IMG_9881_result.mp4	artifacts/IMG_9881	data/IMG_9881	0006	7	0	9407.72	0.4079	156	170	0	too_short	
skipped	IMG_9881.MOV	outputs/IMG_9881_result.mp4	artifacts/IMG_9881	data/IMG_9881	0007	2	0	7827.93	0.3840	157	161	0	too_short	
skipped	IMG_9881.MOV	outputs/IMG_9881_result.mp4	artifacts/IMG_9881	data/IMG_9881	0008	2	0	5093.50	0.4277	158	159	0	too_short	
skipped	IMG_9881.MOV	outputs/IMG_9881_result.mp4	artifacts/IMG_9881	data/IMG_9881	0009	6	0	10201.52	0.5040	160	166	0	too_short	
skipped	IMG_9881.MOV	outputs/IMG_9881_result.mp4	artifacts/IMG_9881	data/IMG_9881	0010	44	1	47435.27	0.7486	161	215	1	ok	
skipped	IMG_9881.MOV	outputs/IMG_9881_result.mp4	artifacts/IMG_9881	data/IMG_9881	0011	1	0	6165.50	0.3638	161	161	0	too_short	
skipped	IMG_9881.MOV	outputs/IMG_9881_result.mp4	artifacts/IMG_9881	data/IMG_9881	0012	1	0	6766.64	0.3703	162	162	0	too_short	
skipped	IMG_9881.MOV	outputs/IMG_9881_result.mp4	artifacts/IMG_9881	data/IMG_9881	0013	2	0	7549.08	0.4290	163	164	0	too_short	
skipped	IMG_9881.MOV	outputs/IMG_9881_result.mp4	artifacts/IMG_9881	data/IMG_9881	0014	3	0	6978.56	0.4127	165	169	0	too_short	
skipped	IMG_9881.MOV	outputs/IMG_9881_result.mp4	artifacts/IMG_9881	data/IMG_9881	0015	91	1	17419.03	0.6496	182	279	1	ok	
skipped	IMG_9881.MOV	outputs/IMG_9881_result.mp4	artifacts/IMG_9881	data/IMG_9881	0016	2	0	10895.29	0.3970	182	183	0	too_short	
skipped	IMG_9881.MOV	outputs/IMG_9881_result.mp4	artifacts/IMG_9881	data/IMG_9881	0017	12	0	22907.16	0.6222	185	196	0	too_short	
skipped	IMG_9881.MOV	outputs/IMG_9881_result.mp4	artifacts/IMG_9881	data/IMG_9881	0018	3	0	11105.16	0.3610	185	187	0	too_short	
skipped	IMG_9881.MOV	outputs/IMG_9881_result.mp4	artifacts/IMG_9881	data/IMG_9881	0019	25	1	858725.60	0.8061	193	217	0	borderline_short	
skipped	IMG_9881.MOV	outputs/IMG_9881_result.mp4	artifacts/IMG_9881	data/IMG_9881	0020	3	0	268740.13	0.5691	198	200	0	too_short	
skipped	IMG_9881.MOV	outputs/IMG_9881_result.mp4	artifacts/IMG_9881	data/IMG_9881	0021	3	0	12000.48	0.4356	201	203	0	too_short	
skipped	IMG_9881.MOV	outputs/IMG_9881_result.mp4	artifacts/IMG_9881	data/IMG_9881	0022	100	1	39194.03	0.7769	203	302	1	ok	
skipped	IMG_9881.MOV	outputs/IMG_9881_result.mp4	artifacts/IMG_9881	data/IMG_9881	0023	45	1	18211.22	0.7119	210	254	1	ok	
skipped	IMG_9881.MOV	outputs/IMG_9881_result.mp4	artifacts/IMG_9881	data/IMG_9881	0024	3	0	53584.10	0.5923	211	213	0	too_short	
skipped	IMG_9881.MOV	outputs/IMG_9881_result.mp4	artifacts/IMG_9881	data/IMG_9881	0025	1	0	2530.76	0.3988	227	227	0	too_short,small_bbox	
skipped	IMG_9881.MOV	outputs/IMG_9881_result.mp4	artifacts/IMG_9881	data/IMG_9881	0026	3	0	24369.29	0.4101	241	250	0	too_short	
skipped	IMG_9881.MOV	outputs/IMG_9881_result.mp4	artifacts/IMG_9881	data/IMG_9881	0027	2	0	3086.86	0.3723	245	246	0	too_short,small_bbox	
skipped	IMG_9881.MOV	outputs/IMG_9881_result.mp4	artifacts/IMG_9881	data/IMG_9881	0028	1	0	6725.31	0.4033	251	251	0	too_short	
skipped	IMG_9881.MOV	outputs/IMG_9881_result.mp4	artifacts/IMG_9881	data/IMG_9881	0029	1	0	2725.07	0.3707	252	252	0	too_short,small_bbox	
skipped	IMG_9881.MOV	outputs/IMG_9881_result.mp4	artifacts/IMG_9881	data/IMG_9881	0030	3	0	24930.35	0.3725	260	265	0	too_short	
skipped	IMG_9881.MOV	outputs/IMG_9881_result.mp4	artifacts/IMG_9881	data/IMG_9881	0031	24	1	10076.23	0.5271	262	289	0	borderline_short	
skipped	IMG_9881.MOV	outputs/IMG_9881_result.mp4	artifacts/IMG_9881	data/IMG_9881	0032	4	0	4583.33	0.4716	272	281	0	too_short	
skipped	IMG_9881.MOV	outputs/IMG_9881_result.mp4	artifacts/IMG_9881	data/IMG_9881	0033	2	0	23972.30	0.3711	272	274	0	too_short	
skipped	IMG_9881.MOV	outputs/IMG_9881_result.mp4	artifacts/IMG_9881	data/IMG_9881	0034	29	1	9852.83	0.5270	282	328	0	borderline_short	
skipped	IMG_9881.MOV	outputs/IMG_9881_result.mp4	artifacts/IMG_9881	data/IMG_9881	0035	15	0	8393.15	0.4921	288	302	0	too_short	
skipped	IMG_9881.MOV	outputs/IMG_9881_result.mp4	artifacts/IMG_9881	data/IMG_9881	0036	45	1	26145.78	0.5110	289	349	1	ok	
skipped	IMG_9881.MOV	outputs/IMG_9881_result.mp4	artifacts/IMG_9881	data/IMG_9881	0037	45	1	22598.08	0.7261	292	344	1	ok	
skipped	IMG_9881.MOV	outputs/IMG_9881_result.mp4	artifacts/IMG_9881	data/IMG_9881	0038	1	0	11350.04	0.3608	298	298	0	too_short	
skipped	IMG_9881.MOV	outputs/IMG_9881_result.mp4	artifacts/IMG_9881	data/IMG_9881	0039	26	1	14025.17	0.7232	301	329	0	borderline_short	
skipped	IMG_9881.MOV	outputs/IMG_9881_result.mp4	artifacts/IMG_9881	data/IMG_9881	0040	1	0	3592.03	0.4082	300	300	0	too_short	
skipped	IMG_9881.MOV	outputs/IMG_9881_result.mp4	artifacts/IMG_9881	data/IMG_9881	0041	2	0	3659.45	0.4726	303	304	0	too_short	
skipped	IMG_9881.MOV	outputs/IMG_9881_result.mp4	artifacts/IMG_9881	data/IMG_9881	0042	21	1	12748.30	0.7185	305	327	0	borderline_short	
skipped	IMG_9881.MOV	outputs/IMG_9881_result.mp4	artifacts/IMG_9881	data/IMG_9881	0043	8	0	9783.71	0.5808	304	332	0	too_short	
skipped	IMG_9881.MOV	outputs/IMG_9881_result.mp4	artifacts/IMG_9881	data/IMG_9881	0044	4	0	3387.11	0.4453	306	309	0	too_short	
skipped	IMG_9881.MOV	outputs/IMG_9881_result.mp4	artifacts/IMG_9881	data/IMG_9881	0045	15	0	8072.69	0.5256	306	323	0	too_short	
skipped	IMG_9881.MOV	outputs/IMG_9881_result.mp4	artifacts/IMG_9881	data/IMG_9881	0046	9	0	12163.66	0.6704	307	330	0	too_short	
skipped	IMG_9881.MOV	outputs/IMG_9881_result.mp4	artifacts/IMG_9881	data/IMG_9881	0047	1	0	7179.33	0.5847	310	310	0	too_short	
skipped	IMG_9881.MOV	outputs/IMG_9881_result.mp4	artifacts/IMG_9881	data/IMG_9881	0048	2	0	3484.20	0.4926	311	312	0	too_short	
skipped	IMG_9881.MOV	outputs/IMG_9881_result.mp4	artifacts/IMG_9881	data/IMG_9881	0049	1	0	7771.02	0.4280	311	311	0	too_short	
skipped	IMG_9881.MOV	outputs/IMG_9881_result.mp4	artifacts/IMG_9881	data/IMG_9881	0050	6	0	7319.92	0.5579	313	318	0	too_short	
skipped	IMG_9881.MOV	outputs/IMG_9881_result.mp4	artifacts/IMG_9881	data/IMG_9881	0051	5	0	7855.82	0.4813	313	317	0	too_short	
skipped	IMG_9881.MOV	outputs/IMG_9881_result.mp4	artifacts/IMG_9881	data/IMG_9881	0052	4	0	7730.59	0.4901	316	324	0	too_short	
skipped	IMG_9881.MOV	outputs/IMG_9881_result.mp4	artifacts/IMG_9881	data/IMG_9881	0053	3	0	3804.87	0.3994	317	319	0	too_short	
skipped	IMG_9881.MOV	outputs/IMG_9881_result.mp4	artifacts/IMG_9881	data/IMG_9881	0054	6	0	9776.32	0.5007	319	341	0	too_short	
skipped	IMG_9881.MOV	outputs/IMG_9881_result.mp4	artifacts/IMG_9881	data/IMG_9881	0055	1	0	3959.69	0.4387	321	321	0	too_short	
skipped	IMG_9881.MOV	outputs/IMG_9881_result.mp4	artifacts/IMG_9881	data/IMG_9881	0056	11	0	9421.37	0.5869	322	346	0	too_short	
skipped	IMG_9881.MOV	outputs/IMG_9881_result.mp4	artifacts/IMG_9881	data/IMG_9881	0057	3	0	9231.40	0.5999	327	331	0	too_short	
skipped	IMG_9881.MOV	outputs/IMG_9881_result.mp4	artifacts/IMG_9881	data/IMG_9881	0058	5	0	11087.50	0.6629	328	334	0	too_short	
skipped	IMG_9881.MOV	outputs/IMG_9881_result.mp4	artifacts/IMG_9881	data/IMG_9881	0059	3	0	9162.79	0.5770	329	333	0	too_short	
skipped	IMG_9881.MOV	outputs/IMG_9881_result.mp4	artifacts/IMG_9881	data/IMG_9881	0060	7	0	12519.45	0.5380	329	348	0	too_short	
skipped	IMG_9881.MOV	outputs/IMG_9881_result.mp4	artifacts/IMG_9881	data/IMG_9881	0061	4	0	10439.30	0.6386	330	335	0	too_short	
skipped	IMG_9881.MOV	outputs/IMG_9881_result.mp4	artifacts/IMG_9881	data/IMG_9881	0062	4	0	10887.40	0.6463	331	336	0	too_short	
skipped	IMG_9881.MOV	outputs/IMG_9881_result.mp4	artifacts/IMG_9881	data/IMG_9881	0063	4	0	10624.23	0.6612	332	337	0	too_short	
skipped	IMG_9881.MOV	outputs/IMG_9881_result.mp4	artifacts/IMG_9881	data/IMG_9881	0064	4	0	11103.72	0.6197	333	338	0	too_short	
skipped	IMG_9881.MOV	outputs/IMG_9881_result.mp4	artifacts/IMG_9881	data/IMG_9881	0065	4	0	11259.49	0.6723	334	339	0	too_short	
skipped	IMG_9881.MOV	outputs/IMG_9881_result.mp4	artifacts/IMG_9881	data/IMG_9881	0066	4	0	10987.65	0.6064	335	340	0	too_short	
skipped	IMG_9881.MOV	outputs/IMG_9881_result.mp4	artifacts/IMG_9881	data/IMG_9881	0067	2	0	11748.14	0.6058	337	338	0	too_short	
skipped	IMG_9881.MOV	outputs/IMG_9881_result.mp4	artifacts/IMG_9881	data/IMG_9881	0068	4	0	11347.00	0.5806	338	342	0	too_short	
skipped	IMG_9881.MOV	outputs/IMG_9881_result.mp4	artifacts/IMG_9881	data/IMG_9881	0069	4	0	11719.44	0.6110	339	343	0	too_short	
skipped	IMG_9881.MOV	outputs/IMG_9881_result.mp4	artifacts/IMG_9881	data/IMG_9881	0070	4	0	11878.62	0.6033	341	345	0	too_short	
skipped	IMG_9881.MOV	outputs/IMG_9881_result.mp4	artifacts/IMG_9881	data/IMG_9881	0071	4	0	12070.83	0.6313	343	347	0	too_short	
skipped	IMG_9881.MOV	outputs/IMG_9881_result.mp4	artifacts/IMG_9881	data/IMG_9881	0072	172	1	73971.02	0.8190	364	540	1	ok	
skipped	IMG_9881.MOV	outputs/IMG_9881_result.mp4	artifacts/IMG_9881	data/IMG_9881	0073	162	1	102412.68	0.8467	369	535	1	ok	
skipped	IMG_9881.MOV	outputs/IMG_9881_result.mp4	artifacts/IMG_9881	data/IMG_9881	0074	111	1	75930.23	0.7553	377	489	1	ok	
skipped	IMG_9881.MOV	outputs/IMG_9881_result.mp4	artifacts/IMG_9881	data/IMG_9881	0075	174	1	97990.51	0.7392	384	595	1	ok	
skipped	IMG_9881.MOV	outputs/IMG_9881_result.mp4	artifacts/IMG_9881	data/IMG_9881	0076	178	1	162734.43	0.8322	390	598	1	ok	
skipped	IMG_9881.MOV	outputs/IMG_9881_result.mp4	artifacts/IMG_9881	data/IMG_9881	0077	2	0	15328.23	0.3790	415	416	0	too_short	
skipped	IMG_9881.MOV	outputs/IMG_9881_result.mp4	artifacts/IMG_9881	data/IMG_9881	0078	122	1	193284.80	0.7983	415	536	1	ok	
skipped	IMG_9881.MOV	outputs/IMG_9881_result.mp4	artifacts/IMG_9881	data/IMG_9881	0079	131	1	106755.25	0.7734	428	588	1	ok	
skipped	IMG_9881.MOV	outputs/IMG_9881_result.mp4	artifacts/IMG_9881	data/IMG_9881	0080	2	0	15171.88	0.3874	442	443	0	too_short	
skipped	IMG_9881.MOV	outputs/IMG_9881_result.mp4	artifacts/IMG_9881	data/IMG_9881	0081	16	0	61392.44	0.6661	485	500	0	too_short	
skipped	IMG_9881.MOV	outputs/IMG_9881_result.mp4	artifacts/IMG_9881	data/IMG_9881	0082	58	1	370128.26	0.7606	508	577	1	ok	
skipped	IMG_9881.MOV	outputs/IMG_9881_result.mp4	artifacts/IMG_9881	data/IMG_9881	0083	39	1	112926.53	0.8389	513	551	1	ok	
skipped	IMG_9881.MOV	outputs/IMG_9881_result.mp4	artifacts/IMG_9881	data/IMG_9881	0084	1	0	43522.12	0.3672	513	513	0	too_short	
skipped	IMG_9881.MOV	outputs/IMG_9881_result.mp4	artifacts/IMG_9881	data/IMG_9881	0085	1	0	8688.38	0.3633	515	515	0	too_short	
skipped	IMG_9881.MOV	outputs/IMG_9881_result.mp4	artifacts/IMG_9881	data/IMG_9881	0086	6	0	9074.62	0.4720	520	525	0	too_short	
skipped	IMG_9881.MOV	outputs/IMG_9881_result.mp4	artifacts/IMG_9881	data/IMG_9881	0087	2	0	6320.08	0.4814	521	528	0	too_short	
skipped	IMG_9881.MOV	outputs/IMG_9881_result.mp4	artifacts/IMG_9881	data/IMG_9881	0088	2	0	8676.94	0.4668	524	525	0	too_short	
skipped	IMG_9881.MOV	outputs/IMG_9881_result.mp4	artifacts/IMG_9881	data/IMG_9881	0089	3	0	33202.41	0.5195	530	535	0	too_short	
skipped	IMG_9881.MOV	outputs/IMG_9881_result.mp4	artifacts/IMG_9881	data/IMG_9881	0090	9	0	16060.88	0.4073	532	547	0	too_short	
skipped	IMG_9881.MOV	outputs/IMG_9881_result.mp4	artifacts/IMG_9881	data/IMG_9881	0091	12	0	59651.11	0.5332	535	548	0	too_short	
skipped	IMG_9881.MOV	outputs/IMG_9881_result.mp4	artifacts/IMG_9881	data/IMG_9881	0092	102	1	117452.52	0.8077	544	645	1	ok	
skipped	IMG_9881.MOV	outputs/IMG_9881_result.mp4	artifacts/IMG_9881	data/IMG_9881	0093	1	0	44991.67	0.3982	554	554	0	too_short	
skipped	IMG_9881.MOV	outputs/IMG_9881_result.mp4	artifacts/IMG_9881	data/IMG_9881	0094	38	1	66327.94	0.8004	555	592	1	ok	
skipped	IMG_9881.MOV	outputs/IMG_9881_result.mp4	artifacts/IMG_9881	data/IMG_9881	0095	1	0	45675.82	0.3784	561	561	0	too_short	
skipped	IMG_9881.MOV	outputs/IMG_9881_result.mp4	artifacts/IMG_9881	data/IMG_9881	0096	3	0	63699.92	0.4483	570	572	0	too_short	
skipped	IMG_9881.MOV	outputs/IMG_9881_result.mp4	artifacts/IMG_9881	data/IMG_9881	0097	9	0	21349.90	0.5041	570	578	0	too_short	
skipped	IMG_9881.MOV	outputs/IMG_9881_result.mp4	artifacts/IMG_9881	data/IMG_9881	0098	138	1	117470.13	0.8605	586	723	1	ok	
skipped	IMG_9881.MOV	outputs/IMG_9881_result.mp4	artifacts/IMG_9881	data/IMG_9881	0099	4	0	12005.61	0.5174	628	631	0	too_short	
skipped	IMG_9881.MOV	outputs/IMG_9881_result.mp4	artifacts/IMG_9881	data/IMG_9881	0100	1	0	9935.61	0.5785	631	631	0	too_short	
skipped	IMG_9881.MOV	outputs/IMG_9881_result.mp4	artifacts/IMG_9881	data/IMG_9881	0101	91	1	11942.39	0.7065	633	723	1	ok	
skipped	IMG_9881.MOV	outputs/IMG_9881_result.mp4	artifacts/IMG_9881	data/IMG_9881	0102	22	1	14580.36	0.7710	635	656	0	borderline_short	
skipped	IMG_9881.MOV	outputs/IMG_9881_result.mp4	artifacts/IMG_9881	data/IMG_9881	0103	1	0	4768.83	0.3682	636	636	0	too_short	
skipped	IMG_9881.MOV	outputs/IMG_9881_result.mp4	artifacts/IMG_9881	data/IMG_9881	0104	76	1	59828.70	0.8026	640	715	1	ok	
skipped	IMG_9881.MOV	outputs/IMG_9881_result.mp4	artifacts/IMG_9881	data/IMG_9881	0105	20	1	6522.53	0.4486	651	676	0	borderline_short	
skipped	IMG_9881.MOV	outputs/IMG_9881_result.mp4	artifacts/IMG_9881	data/IMG_9881	0106	71	1	13562.29	0.6924	653	723	1	ok	
skipped	IMG_9881.MOV	outputs/IMG_9881_result.mp4	artifacts/IMG_9881	data/IMG_9881	0107	25	1	7356.65	0.5471	660	684	0	borderline_short	
skipped	IMG_9881.MOV	outputs/IMG_9881_result.mp4	artifacts/IMG_9881	data/IMG_9881	0108	54	1	12225.65	0.7451	661	723	1	ok	
skipped	IMG_9881.MOV	outputs/IMG_9881_result.mp4	artifacts/IMG_9881	data/IMG_9881	0109	1	0	5834.67	0.3578	661	661	0	too_short	
skipped	IMG_9881.MOV	outputs/IMG_9881_result.mp4	artifacts/IMG_9881	data/IMG_9881	0110	59	1	9532.87	0.5666	665	723	1	ok	
skipped	IMG_9881.MOV	outputs/IMG_9881_result.mp4	artifacts/IMG_9881	data/IMG_9881	0111	7	0	7876.74	0.4200	668	674	0	too_short	
skipped	IMG_9881.MOV	outputs/IMG_9881_result.mp4	artifacts/IMG_9881	data/IMG_9881	0112	13	0	6001.13	0.4512	671	684	0	too_short	
skipped	IMG_9881.MOV	outputs/IMG_9881_result.mp4	artifacts/IMG_9881	data/IMG_9881	0113	4	0	4700.97	0.3832	699	702	0	too_short	
skipped	IMG_9881.MOV	outputs/IMG_9881_result.mp4	artifacts/IMG_9881	data/IMG_9881	0114	11	0	10040.30	0.4307	701	714	0	too_short	
skipped	IMG_9881.MOV	outputs/IMG_9881_result.mp4	artifacts/IMG_9881	data/IMG_9881	0115	21	1	8850.19	0.5823	703	723	0	borderline_short	
skipped	IMG_9882.MOV	outputs/IMG_9882_result.mp4	artifacts/IMG_9882	data/IMG_9882	0001	115	1	296283.23	0.9004	1	115	1	ok	
skipped	IMG_9882.MOV	outputs/IMG_9882_result.mp4	artifacts/IMG_9882	data/IMG_9882	0002	33	1	52960.31	0.7742	1	33	1	ok	
skipped	IMG_9882.MOV	outputs/IMG_9882_result.mp4	artifacts/IMG_9882	data/IMG_9882	0003	1	0	13368.52	0.6262	1	1	0	too_short	
skipped	IMG_9882.MOV	outputs/IMG_9882_result.mp4	artifacts/IMG_9882	data/IMG_9882	0004	37	1	37401.36	0.7734	1	37	1	ok	
skipped	IMG_9882.MOV	outputs/IMG_9882_result.mp4	artifacts/IMG_9882	data/IMG_9882	0005	15	0	24738.42	0.5099	1	15	0	too_short	
skipped	IMG_9882.MOV	outputs/IMG_9882_result.mp4	artifacts/IMG_9882	data/IMG_9882	0006	37	1	11461.37	0.5080	2	42	1	ok	
skipped	IMG_9882.MOV	outputs/IMG_9882_result.mp4	artifacts/IMG_9882	data/IMG_9882	0007	1	0	6536.21	0.3825	12	12	0	too_short	
skipped	IMG_9882.MOV	outputs/IMG_9882_result.mp4	artifacts/IMG_9882	data/IMG_9882	0008	54	1	32395.10	0.7638	18	72	1	ok	
skipped	IMG_9882.MOV	outputs/IMG_9882_result.mp4	artifacts/IMG_9882	data/IMG_9882	0009	7	0	15644.21	0.4333	21	29	0	too_short	
skipped	IMG_9882.MOV	outputs/IMG_9882_result.mp4	artifacts/IMG_9882	data/IMG_9882	0010	7	0	6883.49	0.4180	23	31	0	too_short	
skipped	IMG_9882.MOV	outputs/IMG_9882_result.mp4	artifacts/IMG_9882	data/IMG_9882	0011	14	0	5149.89	0.4847	29	55	0	too_short	
skipped	IMG_9882.MOV	outputs/IMG_9882_result.mp4	artifacts/IMG_9882	data/IMG_9882	0012	13	0	6087.25	0.4158	36	59	0	too_short	
skipped	IMG_9882.MOV	outputs/IMG_9882_result.mp4	artifacts/IMG_9882	data/IMG_9882	0013	13	0	6110.06	0.4610	36	48	0	too_short	
skipped	IMG_9882.MOV	outputs/IMG_9882_result.mp4	artifacts/IMG_9882	data/IMG_9882	0014	21	1	6005.19	0.4572	38	70	0	borderline_short	
skipped	IMG_9882.MOV	outputs/IMG_9882_result.mp4	artifacts/IMG_9882	data/IMG_9882	0015	63	1	51516.39	0.7837	53	115	1	ok	
skipped	IMG_9882.MOV	outputs/IMG_9882_result.mp4	artifacts/IMG_9882	data/IMG_9882	0016	9	0	6163.77	0.4584	53	75	0	too_short	
skipped	IMG_9882.MOV	outputs/IMG_9882_result.mp4	artifacts/IMG_9882	data/IMG_9882	0017	58	1	6126.89	0.5874	56	115	1	ok	
skipped	IMG_9882.MOV	outputs/IMG_9882_result.mp4	artifacts/IMG_9882	data/IMG_9882	0018	10	0	6248.83	0.4452	60	86	0	too_short	
skipped	IMG_9882.MOV	outputs/IMG_9882_result.mp4	artifacts/IMG_9882	data/IMG_9882	0019	10	0	6209.20	0.4204	64	91	0	too_short	
skipped	IMG_9882.MOV	outputs/IMG_9882_result.mp4	artifacts/IMG_9882	data/IMG_9882	0020	37	1	22153.52	0.6904	79	115	1	ok	
skipped	IMG_9882.MOV	outputs/IMG_9882_result.mp4	artifacts/IMG_9882	data/IMG_9882	0021	34	1	10125.95	0.5451	82	115	1	ok	
skipped	IMG_9882.MOV	outputs/IMG_9882_result.mp4	artifacts/IMG_9882	data/IMG_9882	0022	1	0	3149.55	0.3502	88	88	0	too_short,small_bbox	
skipped	IMG_9882.MOV	outputs/IMG_9882_result.mp4	artifacts/IMG_9882	data/IMG_9882	0023	10	0	5260.42	0.4069	101	115	0	too_short	
skipped	IMG_9883.MOV	outputs/IMG_9883_result.mp4	artifacts/IMG_9883	data/IMG_9883	0001	153	1	114683.07	0.8571	1	153	1	ok	
skipped	IMG_9883.MOV	outputs/IMG_9883_result.mp4	artifacts/IMG_9883	data/IMG_9883	0002	8	0	78736.85	0.6516	1	8	0	too_short	
skipped	IMG_9883.MOV	outputs/IMG_9883_result.mp4	artifacts/IMG_9883	data/IMG_9883	0003	98	1	10905.02	0.6557	19	117	1	ok	
skipped	IMG_9883.MOV	outputs/IMG_9883_result.mp4	artifacts/IMG_9883	data/IMG_9883	0005	1	0	6096.32	0.5459	68	68	0	too_short	
skipped	IMG_9883.MOV	outputs/IMG_9883_result.mp4	artifacts/IMG_9883	data/IMG_9883	0006	80	1	188216.44	0.8601	87	166	1	ok	
skipped	IMG_9883.MOV	outputs/IMG_9883_result.mp4	artifacts/IMG_9883	data/IMG_9883	0007	23	1	7532.83	0.5423	91	113	0	borderline_short	
skipped	IMG_9883.MOV	outputs/IMG_9883_result.mp4	artifacts/IMG_9883	data/IMG_9883	0008	205	1	100172.04	0.8583	110	314	1	ok	
skipped	IMG_9883.MOV	outputs/IMG_9883_result.mp4	artifacts/IMG_9883	data/IMG_9883	0009	53	1	8070.85	0.5739	138	212	1	ok	
skipped	IMG_9883.MOV	outputs/IMG_9883_result.mp4	artifacts/IMG_9883	data/IMG_9883	0010	6	0	6594.12	0.4487	139	144	0	too_short	
skipped	IMG_9883.MOV	outputs/IMG_9883_result.mp4	artifacts/IMG_9883	data/IMG_9883	0011	127	1	7933.99	0.4935	161	314	1	ok	
skipped	IMG_9883.MOV	outputs/IMG_9883_result.mp4	artifacts/IMG_9883	data/IMG_9883	0012	133	1	51284.74	0.8168	182	314	1	ok	
skipped	IMG_9883.MOV	outputs/IMG_9883_result.mp4	artifacts/IMG_9883	data/IMG_9883	0013	54	1	10675.44	0.5234	209	274	1	ok	
skipped	IMG_9883.MOV	outputs/IMG_9883_result.mp4	artifacts/IMG_9883	data/IMG_9883	0014	16	0	7149.64	0.4403	245	261	0	too_short	
skipped	IMG_9883.MOV	outputs/IMG_9883_result.mp4	artifacts/IMG_9883	data/IMG_9883	0015	14	0	6847.73	0.4295	253	295	0	too_short	
skipped	IMG_9883.MOV	outputs/IMG_9883_result.mp4	artifacts/IMG_9883	data/IMG_9883	0016	1	0	6505.02	0.3746	286	286	0	too_short	
skipped	IMG_9883.MOV	outputs/IMG_9883_result.mp4	artifacts/IMG_9883	data/IMG_9883	0017	1	0	7171.55	0.4174	314	314	0	too_short	
skipped	IMG_9884.MOV	outputs/IMG_9884_result.mp4	artifacts/IMG_9884	data/IMG_9884	0001	10	0	73841.08	0.6527	1	10	0	too_short	
skipped	IMG_9884.MOV	outputs/IMG_9884_result.mp4	artifacts/IMG_9884	data/IMG_9884	0002	90	1	155075.88	0.8432	1	90	1	ok	
skipped	IMG_9884.MOV	outputs/IMG_9884_result.mp4	artifacts/IMG_9884	data/IMG_9884	0003	8	0	7829.32	0.5653	1	8	0	too_short	
skipped	IMG_9884.MOV	outputs/IMG_9884_result.mp4	artifacts/IMG_9884	data/IMG_9884	0004	39	1	15673.04	0.7697	2	40	1	ok	
skipped	IMG_9884.MOV	outputs/IMG_9884_result.mp4	artifacts/IMG_9884	data/IMG_9884	0005	9	0	5582.75	0.4513	15	30	0	too_short	
skipped	IMG_9884.MOV	outputs/IMG_9884_result.mp4	artifacts/IMG_9884	data/IMG_9884	0006	65	1	8362.38	0.6067	26	90	1	ok	
skipped	IMG_9884.MOV	outputs/IMG_9884_result.mp4	artifacts/IMG_9884	data/IMG_9884	0007	7	0	5135.39	0.4400	34	44	0	too_short	
skipped	IMG_9884.MOV	outputs/IMG_9884_result.mp4	artifacts/IMG_9884	data/IMG_9884	0008	6	0	57358.84	0.5950	48	53	0	too_short	
skipped	IMG_9884.MOV	outputs/IMG_9884_result.mp4	artifacts/IMG_9884	data/IMG_9884	0009	4	0	9912.05	0.4152	52	55	0	too_short	
skipped	IMG_9884.MOV	outputs/IMG_9884_result.mp4	artifacts/IMG_9884	data/IMG_9884	0010	25	1	11042.58	0.6801	56	80	0	borderline_short	
skipped	IMG_9884.MOV	outputs/IMG_9884_result.mp4	artifacts/IMG_9884	data/IMG_9884	0011	10	0	43528.78	0.4953	78	90	0	too_short	
skipped	IMG_9884.MOV	outputs/IMG_9884_result.mp4	artifacts/IMG_9884	data/IMG_9884	0012	8	0	5145.86	0.4394	82	90	0	too_short	
skipped	IMG_9884.MOV	outputs/IMG_9884_result.mp4	artifacts/IMG_9884	data/IMG_9884	0013	4	0	7011.93	0.4274	87	90	0	too_short	
skipped	IMG_9884.MOV	outputs/IMG_9884_result.mp4	artifacts/IMG_9884	data/IMG_9884	0014	5	0	9585.47	0.3976	83	89	0	too_short	
skipped	IMG_9884.MOV	outputs/IMG_9884_result.mp4	artifacts/IMG_9884	data/IMG_9884	0015	1	0	19490.39	0.3630	83	83	0	too_short	
skipped	IMG_9885.MOV	outputs/IMG_9885_result.mp4	artifacts/IMG_9885	data/IMG_9885	0001	59	1	24597.77	0.8089	1	59	1	ok	
skipped	IMG_9885.MOV	outputs/IMG_9885_result.mp4	artifacts/IMG_9885	data/IMG_9885	0002	87	1	33945.44	0.8422	1	87	1	ok	
skipped	IMG_9885.MOV	outputs/IMG_9885_result.mp4	artifacts/IMG_9885	data/IMG_9885	0003	72	1	20687.05	0.7831	1	72	1	ok	
skipped	IMG_9885.MOV	outputs/IMG_9885_result.mp4	artifacts/IMG_9885	data/IMG_9885	0004	305	1	88442.50	0.8609	1	317	1	ok	
skipped	IMG_9885.MOV	outputs/IMG_9885_result.mp4	artifacts/IMG_9885	data/IMG_9885	0005	92	1	24431.18	0.7662	1	92	1	ok	
skipped	IMG_9885.MOV	outputs/IMG_9885_result.mp4	artifacts/IMG_9885	data/IMG_9885	0006	65	1	18868.18	0.6922	1	65	1	ok	
skipped	IMG_9885.MOV	outputs/IMG_9885_result.mp4	artifacts/IMG_9885	data/IMG_9885	0007	27	1	8480.31	0.4470	3	30	0	borderline_short	
skipped	IMG_9885.MOV	outputs/IMG_9885_result.mp4	artifacts/IMG_9885	data/IMG_9885	0008	134	1	88520.00	0.8358	4	137	1	ok	
skipped	IMG_9885.MOV	outputs/IMG_9885_result.mp4	artifacts/IMG_9885	data/IMG_9885	0010	46	1	9417.86	0.4078	37	111	1	ok	
skipped	IMG_9885.MOV	outputs/IMG_9885_result.mp4	artifacts/IMG_9885	data/IMG_9885	0011	1	0	4528.64	0.3972	40	40	0	too_short	
skipped	IMG_9885.MOV	outputs/IMG_9885_result.mp4	artifacts/IMG_9885	data/IMG_9885	0012	1	0	11315.38	0.3800	54	54	0	too_short	
skipped	IMG_9885.MOV	outputs/IMG_9885_result.mp4	artifacts/IMG_9885	data/IMG_9885	0013	10	0	8723.85	0.4849	68	77	0	too_short	
skipped	IMG_9885.MOV	outputs/IMG_9885_result.mp4	artifacts/IMG_9885	data/IMG_9885	0014	14	0	8275.42	0.4214	73	97	0	too_short	
skipped	IMG_9885.MOV	outputs/IMG_9885_result.mp4	artifacts/IMG_9885	data/IMG_9885	0015	66	1	24079.98	0.7449	76	141	1	ok	
skipped	IMG_9885.MOV	outputs/IMG_9885_result.mp4	artifacts/IMG_9885	data/IMG_9885	0016	135	1	44971.15	0.7105	87	221	1	ok	
skipped	IMG_9885.MOV	outputs/IMG_9885_result.mp4	artifacts/IMG_9885	data/IMG_9885	0017	226	1	106192.09	0.8706	103	328	1	ok	
skipped	IMG_9885.MOV	outputs/IMG_9885_result.mp4	artifacts/IMG_9885	data/IMG_9885	0018	1	0	11553.97	0.4769	116	116	0	too_short	
skipped	IMG_9885.MOV	outputs/IMG_9885_result.mp4	artifacts/IMG_9885	data/IMG_9885	0019	1	0	10836.29	0.4152	119	119	0	too_short	
skipped	IMG_9885.MOV	outputs/IMG_9885_result.mp4	artifacts/IMG_9885	data/IMG_9885	0020	194	1	54953.30	0.6598	131	335	1	ok	
skipped	IMG_9885.MOV	outputs/IMG_9885_result.mp4	artifacts/IMG_9885	data/IMG_9885	0021	1	0	23502.63	0.3683	138	138	0	too_short	
skipped	IMG_9885.MOV	outputs/IMG_9885_result.mp4	artifacts/IMG_9885	data/IMG_9885	0022	11	0	44096.57	0.4979	158	169	0	too_short	
skipped	IMG_9885.MOV	outputs/IMG_9885_result.mp4	artifacts/IMG_9885	data/IMG_9885	0023	30	1	53096.43	0.6528	158	189	1	ok	
skipped	IMG_9885.MOV	outputs/IMG_9885_result.mp4	artifacts/IMG_9885	data/IMG_9885	0024	1	0	17046.07	0.3532	160	160	0	too_short	
skipped	IMG_9885.MOV	outputs/IMG_9885_result.mp4	artifacts/IMG_9885	data/IMG_9885	0025	100	1	49060.98	0.7161	178	277	1	ok	
skipped	IMG_9885.MOV	outputs/IMG_9885_result.mp4	artifacts/IMG_9885	data/IMG_9885	0026	6	0	12712.11	0.4686	189	194	0	too_short	
skipped	IMG_9885.MOV	outputs/IMG_9885_result.mp4	artifacts/IMG_9885	data/IMG_9885	0027	50	1	39336.61	0.6722	214	263	1	ok	
skipped	IMG_9885.MOV	outputs/IMG_9885_result.mp4	artifacts/IMG_9885	data/IMG_9885	0028	1	0	11680.87	0.3552	214	214	0	too_short	
skipped	IMG_9885.MOV	outputs/IMG_9885_result.mp4	artifacts/IMG_9885	data/IMG_9885	0029	4	0	35491.61	0.4350	224	231	0	too_short	
skipped	IMG_9885.MOV	outputs/IMG_9885_result.mp4	artifacts/IMG_9885	data/IMG_9885	0030	5	0	9866.40	0.4247	237	241	0	too_short	
skipped	IMG_9885.MOV	outputs/IMG_9885_result.mp4	artifacts/IMG_9885	data/IMG_9885	0031	1	0	49144.44	0.3748	256	256	0	too_short	
skipped	IMG_9885.MOV	outputs/IMG_9885_result.mp4	artifacts/IMG_9885	data/IMG_9885	0032	2	0	57643.23	0.5370	290	291	0	too_short	
skipped	IMG_9885.MOV	outputs/IMG_9885_result.mp4	artifacts/IMG_9885	data/IMG_9885	0033	143	1	266318.09	0.8843	291	433	1	ok	
skipped	IMG_9885.MOV	outputs/IMG_9885_result.mp4	artifacts/IMG_9885	data/IMG_9885	0034	18	0	30332.85	0.4530	296	328	0	too_short	
skipped	IMG_9885.MOV	outputs/IMG_9885_result.mp4	artifacts/IMG_9885	data/IMG_9885	0035	62	1	47152.12	0.6082	322	390	1	ok	
skipped	IMG_9885.MOV	outputs/IMG_9885_result.mp4	artifacts/IMG_9885	data/IMG_9885	0036	106	1	71860.36	0.8299	328	433	1	ok	
skipped	IMG_9885.MOV	outputs/IMG_9885_result.mp4	artifacts/IMG_9885	data/IMG_9885	0037	84	1	56691.56	0.8200	350	433	1	ok	
skipped	IMG_9885.MOV	outputs/IMG_9885_result.mp4	artifacts/IMG_9885	data/IMG_9885	0038	1	0	10880.90	0.3534	364	364	0	too_short	
skipped	IMG_9885.MOV	outputs/IMG_9885_result.mp4	artifacts/IMG_9885	data/IMG_9885	0039	1	0	12982.06	0.3507	372	372	0	too_short	
skipped	IMG_9885.MOV	outputs/IMG_9885_result.mp4	artifacts/IMG_9885	data/IMG_9885	0040	8	0	15409.38	0.4035	381	390	0	too_short	
skipped	IMG_9885.MOV	outputs/IMG_9885_result.mp4	artifacts/IMG_9885	data/IMG_9885	0041	5	0	8197.02	0.3727	386	403	0	too_short	
skipped	IMG_9885.MOV	outputs/IMG_9885_result.mp4	artifacts/IMG_9885	data/IMG_9885	0042	2	0	5403.69	0.3978	400	408	0	too_short	
skipped	IMG_9885.MOV	outputs/IMG_9885_result.mp4	artifacts/IMG_9885	data/IMG_9885	0043	1	0	11756.03	0.3743	408	408	0	too_short	
skipped	IMG_9885.MOV	outputs/IMG_9885_result.mp4	artifacts/IMG_9885	data/IMG_9885	0044	23	1	49375.41	0.4596	409	433	0	borderline_short	
skipped	IMG_9885.MOV	outputs/IMG_9885_result.mp4	artifacts/IMG_9885	data/IMG_9885	0045	1	0	24797.79	0.3956	427	427	0	too_short	
skipped	IMG_9886.MOV	outputs/IMG_9886_result.mp4	artifacts/IMG_9886	data/IMG_9886	0001	137	1	89464.04	0.8673	1	137	1	ok	
skipped	IMG_9886.MOV	outputs/IMG_9886_result.mp4	artifacts/IMG_9886	data/IMG_9886	0002	147	1	50147.05	0.8596	1	147	1	ok	
skipped	IMG_9886.MOV	outputs/IMG_9886_result.mp4	artifacts/IMG_9886	data/IMG_9886	0003	107	1	12499.36	0.6698	3	109	1	ok	
skipped	IMG_9886.MOV	outputs/IMG_9886_result.mp4	artifacts/IMG_9886	data/IMG_9886	0004	2	0	7835.41	0.3800	6	7	0	too_short	
skipped	IMG_9886.MOV	outputs/IMG_9886_result.mp4	artifacts/IMG_9886	data/IMG_9886	0005	1	0	5066.23	0.3803	25	25	0	too_short	
skipped	IMG_9886.MOV	outputs/IMG_9886_result.mp4	artifacts/IMG_9886	data/IMG_9886	0006	1	0	3959.34	0.4028	32	32	0	too_short	
skipped	IMG_9886.MOV	outputs/IMG_9886_result.mp4	artifacts/IMG_9886	data/IMG_9886	0007	48	1	7971.92	0.4486	63	122	1	ok	
skipped	IMG_9886.MOV	outputs/IMG_9886_result.mp4	artifacts/IMG_9886	data/IMG_9886	0008	41	1	11393.59	0.6303	107	147	1	ok	
skipped	IMG_9886.MOV	outputs/IMG_9886_result.mp4	artifacts/IMG_9886	data/IMG_9886	0009	19	0	5558.40	0.4082	123	147	0	too_short	
skipped	IMG_9886.MOV	outputs/IMG_9886_result.mp4	artifacts/IMG_9886	data/IMG_9886	0010	4	0	11001.96	0.3837	141	147	0	too_short	
skipped	IMG_9887.MOV	outputs/IMG_9887_result.mp4	artifacts/IMG_9887	data/IMG_9887	0001	129	1	53915.82	0.8576	1	129	1	ok	
skipped	IMG_9887.MOV	outputs/IMG_9887_result.mp4	artifacts/IMG_9887	data/IMG_9887	0002	129	1	42209.46	0.8176	1	129	1	ok	
skipped	IMG_9887.MOV	outputs/IMG_9887_result.mp4	artifacts/IMG_9887	data/IMG_9887	0003	65	1	5164.83	0.5935	1	85	1	ok	
skipped	IMG_9887.MOV	outputs/IMG_9887_result.mp4	artifacts/IMG_9887	data/IMG_9887	0005	17	0	6663.03	0.4668	112	129	0	too_short	
success	test.mp4	outputs/test_result.mp4	artifacts/test	data/test	0001	15	0	99393.34	0.8644	1	15	0	too_short	
success	test.mp4	outputs/test_result.mp4	artifacts/test	data/test	0002	15	0	55696.42	0.8364	1	15	0	too_short	
success	test.mp4	outputs/test_result.mp4	artifacts/test	data/test	0003	15	0	68027.78	0.8536	1	15	0	too_short	
